Size,F1_Score,Time_ms
100,0.340659,0.207228
500,0.4998,6.27097
1000,0.504988,23.9833
2000,0.487497,104.919
5000,0.494975,755.762
